Issue ID,Issue Title,Description,Issue URL,Project,Status,Priority,Component,Version,Created,wcag_sc
3426798,CKEditor 5 text area doesn't have appropriate aria-label for screen reader,CKEditor 5 text area doesn't have appropriate aria-label for screen reader,https://www.drupal.org/project/drupal/issues/3426798,drupal,Needs work,Normal,ckeditor5.module,11.x-dev,1 year 9 months,3.3.2
3559162,Accessing a toolbar sub-menu seems to result in a keyboard trap,Accessing a toolbar sub-menu seems to result in a keyboard trap,https://www.drupal.org/project/drupal/issues/3559162,drupal,Active,Normal,ckeditor5.module,11.x-dev,3 weeks 6 days,2.1.2
2975863,Add an exposed filter to the Taxonomy overview view page,Add an exposed filter to the Taxonomy overview view page,https://www.drupal.org/project/drupal/issues/2975863,drupal,Needs work,Normal,taxonomy.module,11.x-dev,7 years 6 months,1.4.1
1797438,HTML5 validation is preventing form submit and not fully accessible,HTML5 validation is preventing form submit and not fully accessible,https://www.drupal.org/project/drupal/issues/1797438,drupal,Needs work,Major,forms system,11.x-dev,13 years 2 months,3.3.1
893530,Multi level (multirow) header for table FAPI element,Multi level (multirow) header for table FAPI element,https://www.drupal.org/project/drupal/issues/893530,drupal,Needs review,Normal,theme system,11.x-dev,15 years 3 months,1.3.1
2912732,Table Drag always showing lines,Table Drag always showing lines,https://www.drupal.org/project/drupal/issues/2912732,drupal,Active,Normal,javascript,11.x-dev,8 years 2 months,General
3093378,Use ARIA disclosure pattern for submenu buttons in vertical toolbar orientation,Use ARIA disclosure pattern for submenu buttons in vertical toolbar orientation,https://www.drupal.org/project/drupal/issues/3093378,drupal,Needs review,Normal,toolbar.module,11.x-dev,6 years 1 month,4.1.2
2958654,Assess JavaScript behaviours for WCAG 2.1 Pointer Cancellation,Assess JavaScript behaviours for WCAG 2.1 Pointer Cancellation,https://www.drupal.org/project/drupal/issues/2958654,drupal,Needs work,Normal,javascript,11.x-dev,7 years 8 months,2.5.2
3348552,"Pager template fails accessibility tests for Ellipsis (""..."")","Pager template fails accessibility tests for Ellipsis (""..."")",https://www.drupal.org/project/drupal/issues/3348552,drupal,Reviewed & tested by the community,Normal,theme system,11.x-dev,2 years 9 months,4.1.2
3174459,W3C Validation: required attribute not allowed on fieldset tag,W3C Validation: required attribute not allowed on fieldset tag,https://www.drupal.org/project/drupal/issues/3174459,drupal,Needs work,Normal,forms system,11.x-dev,5 years 2 months,4.1.1
3545814,Exposed filters with exposed operators are missing accessible names,Exposed filters with exposed operators are missing accessible names,https://www.drupal.org/project/drupal/issues/3545814,drupal,Needs work,Normal,views.module,11.x-dev,3 months 1 week,4.1.2
3542774,The “reduce motion” setting in the operating system should be respected,The “reduce motion” setting in the operating system should be respected,https://www.drupal.org/project/drupal/issues/3542774,drupal,Needs review,Major,navigation.module,11.x-dev,3 months 3 weeks,2.3.3
1852090,"Cached forms can have duplicate HTML IDs, which disrupts accessible form labels","Cached forms can have duplicate HTML IDs, which disrupts accessible form labels",https://www.drupal.org/project/drupal/issues/1852090,drupal,Needs work,Major,forms system,11.x-dev,13 years 3 weeks,4.1.2
3410598,CKEditor 5: scroll jump after dialog close,CKEditor 5: scroll jump after dialog close,https://www.drupal.org/project/drupal/issues/3410598,drupal,Needs work,Normal,ckeditor5.module,11.x-dev,1 year 12 months,General
3415961,[drupalMedia] Using the Insert Media button causes the window to scroll to the bottom of the page,[drupalMedia] Using the Insert Media button causes the window to scroll to the bottom of the page,https://www.drupal.org/project/drupal/issues/3415961,drupal,Needs work,Normal,media system,11.x-dev,1 year 11 months,General
3391723,[PLAN] Accessibility review for new Navigation bar,[PLAN] Accessibility review for new Navigation bar,https://www.drupal.org/project/drupal/issues/3391723,drupal,Active,Major,navigation.module,11.x-dev,2 years 2 months,General
3532392,Add an API for hotkeys to Drupal core,Add an API for hotkeys to Drupal core,https://www.drupal.org/project/drupal/issues/3532392,drupal,Active,Normal,user system,11.x-dev,5 months 3 weeks,2.1.1
3037446,Forms with required fields marked by asterisk do not have text explaining what the asterisk means,Forms with required fields marked by asterisk do not have text explaining what the asterisk means,https://www.drupal.org/project/drupal/issues/3037446,drupal,Needs review,Normal,forms system,11.x-dev,6 years 9 months,1.3.1
3438477,High contrast mode needs some more refinement,High contrast mode needs some more refinement,https://www.drupal.org/project/drupal/issues/3438477,drupal,Active,Normal,navigation.module,11.x-dev,1 year 8 months,1.4.11
3541688,Focus does not move to submenu when opened by enter or space key,Focus does not move to submenu when opened by enter or space key,https://www.drupal.org/project/drupal/issues/3541688,drupal,Active,Normal,navigation.module,11.x-dev,4 months 2 days,2.1.1
2922435,"""Add new comment"" and ""@count comments"" links are not following accessibility good practices","""Add new comment"" and ""@count comments"" links are not following accessibility good practices",https://www.drupal.org/project/drupal/issues/2922435,drupal,Needs work,Normal,comment.module,11.x-dev,8 years 1 month,2.4.4
3331158,Support full-screen editing in CKEditor,Support full-screen editing in CKEditor,https://www.drupal.org/project/drupal/issues/3331158,drupal,Reviewed & tested by the community,Major,ckeditor5.module,11.x-dev,2 years 11 months,3.3.6
3443571,Mobile version of Navigation should have focus trap,Mobile version of Navigation should have focus trap,https://www.drupal.org/project/drupal/issues/3443571,drupal,Needs work,Major,navigation.module,11.x-dev,1 year 7 months,2.4.11
3541728,Submenu opened with hover does not close by Escape key when another menu item has focus,Submenu opened with hover does not close by Escape key when another menu item has focus,https://www.drupal.org/project/drupal/issues/3541728,drupal,Active,Major,navigation.module,11.x-dev,4 months 2 days,2.1.1
3541910,Elements in closed sidebar are focusable,Elements in closed sidebar are focusable,https://www.drupal.org/project/drupal/issues/3541910,drupal,Needs work,Major,navigation.module,11.x-dev,4 months 1 day,2.1.1
2942404,Messages should have role=status instead of role=contentinfo,Messages should have role=status instead of role=contentinfo,https://www.drupal.org/project/drupal/issues/2942404,drupal,Needs work,Normal,markup,11.x-dev,7 years 10 months,1.3.1
3073895,"System Menu blocks placed via Layout Builder can generate duplicate, invalid HTML ID attributes","System Menu blocks placed via Layout Builder can generate duplicate, invalid HTML ID attributes",https://www.drupal.org/project/drupal/issues/3073895,drupal,Needs work,Normal,layout_builder.module,11.x-dev,6 years 4 months,General
1484174,Add HTML5 element: <progress>,Add HTML5 element: <progress>,https://www.drupal.org/project/drupal/issues/1484174,drupal,Needs work,Normal,forms system,11.x-dev,13 years 9 months,General
2293803,Replace confirm password element with a new element that allows toggling to view the typed password,Replace confirm password element with a new element that allows toggling to view the typed password,https://www.drupal.org/project/drupal/issues/2293803,drupal,Needs work,Normal,forms system,11.x-dev,11 years 5 months,General
3559128,Cannot tab to CKEditor5 toolbar,Cannot tab to CKEditor5 toolbar,https://www.drupal.org/project/drupal/issues/3559128,drupal,Active,Normal,ckeditor5.module,11.x-dev,3 weeks 6 days,General
3427039,Provide new AccessibilityHelp toolbar item in CKEditor 5 >=41.2,Provide new AccessibilityHelp toolbar item in CKEditor 5 >=41.2,https://www.drupal.org/project/drupal/issues/3427039,drupal,Needs work,Major,ckeditor5.module,11.x-dev,1 year 9 months,General
3396174,The toolbar should be usable without JS,The toolbar should be usable without JS,https://www.drupal.org/project/drupal/issues/3396174,drupal,Needs work,Normal,navigation.module,11.x-dev,2 years 1 month,General
2608212,Elements on grouped exposed filters configuration form are missing accessible names,Elements on grouped exposed filters configuration form are missing accessible names,https://www.drupal.org/project/drupal/issues/2608212,drupal,Needs review,Normal,views_ui.module,11.x-dev,10 years 1 month,3.3.2
3232414,Image Media thumbnail alt text cannot be changed without reuploading the image,Image Media thumbnail alt text cannot be changed without reuploading the image,https://www.drupal.org/project/drupal/issues/3232414,drupal,Needs work,Normal,media system,11.x-dev,4 years 3 months,1.1.1
2917777,"Improvements to the styling, grouping, etc. of the Layout Builder UI actions form","Improvements to the styling, grouping, etc. of the Layout Builder UI actions form",https://www.drupal.org/project/drupal/issues/2917777,drupal,Active,Major,layout_builder.module,11.x-dev,8 years 2 months,4.1.2
3042984,template_preprocess_username fails to set language attribute,template_preprocess_username fails to set language attribute,https://www.drupal.org/project/drupal/issues/3042984,drupal,Needs work,Normal,user.module,11.x-dev,6 years 9 months,3.1.2
2359711,"Improve Error Message of ""Authored By""","Improve Error Message of ""Authored By""",https://www.drupal.org/project/drupal/issues/2359711,drupal,Postponed (maintainer needs more info),Normal,user.module,11.x-dev,11 years 2 months,General
2968637,Assess the reference to the mousedown event in the base class for render element plugins,Assess the reference to the mousedown event in the base class for render element plugins,https://www.drupal.org/project/drupal/issues/2968637,drupal,Needs work,Normal,ajax system,11.x-dev,7 years 7 months,2.5.2
3506339,Selecting a column in a table header by keyboard drops the focus,Selecting a column in a table header by keyboard drops the focus,https://www.drupal.org/project/drupal/issues/3506339,drupal,Active,Normal,forms system,11.x-dev,10 months 1 week,2.4.3
2158943,Add a native dialog element to deprecate the jQuery UI dialog,Add a native dialog element to deprecate the jQuery UI dialog,https://www.drupal.org/project/drupal/issues/2158943,drupal,Needs work,Critical,javascript,11.x-dev,12 years 2 days,3.2.5
2934405,[META] Improve workflows for image alternative text,[META] Improve workflows for image alternative text,https://www.drupal.org/project/drupal/issues/2934405,drupal,Active,Normal,image system,11.x-dev,7 years 11 months,General
3550888,Missing accessible legend for required field indicator in node forms,Missing accessible legend for required field indicator in node forms,https://www.drupal.org/project/drupal/issues/3550888,drupal,Needs work,Normal,field system,11.x-dev,2 months 1 week,General
3053145,Allow layout builder sections to be nested.,Allow layout builder sections to be nested.,https://www.drupal.org/project/drupal/issues/3053145,drupal,Active,Normal,layout_builder.module,11.x-dev,6 years 7 months,2.4.3
3085811,Toolbar buttons should respond to spacebar key,Toolbar buttons should respond to spacebar key,https://www.drupal.org/project/drupal/issues/3085811,drupal,Needs work,Major,toolbar.module,11.x-dev,6 years 2 months,2.1.1
2917501,Title of Expansion Section Not Announced By JAWS/NVDA (IE/Edge Only),Title of Expansion Section Not Announced By JAWS/NVDA (IE/Edge Only),https://www.drupal.org/project/drupal/issues/2917501,drupal,Postponed (maintainer needs more info),Normal,javascript,11.x-dev,8 years 2 months,General
2852723,508 Compliance Issue - Dynamic Appearing Message,508 Compliance Issue - Dynamic Appearing Message,https://www.drupal.org/project/drupal/issues/2852723,drupal,Postponed (maintainer needs more info),Normal,browser system,11.x-dev,8 years 10 months,General
2912806,508 - Content Type tab JAWS prompts,508 - Content Type tab JAWS prompts,https://www.drupal.org/project/drupal/issues/2912806,drupal,Postponed (maintainer needs more info),Normal,other,11.x-dev,8 years 2 months,General
3551528,Mobile expanded sidebar modal overlay has invalid ARIA attribute: aria-expanded,Mobile expanded sidebar modal overlay has invalid ARIA attribute: aria-expanded,https://www.drupal.org/project/drupal/issues/3551528,drupal,Needs work,Normal,navigation.module,11.x-dev,2 months 1 week,4.1.2
3078334,Datetime and Datelist elements should render as fieldsets,Datetime and Datelist elements should render as fieldsets,https://www.drupal.org/project/drupal/issues/3078334,drupal,Needs work,Normal,theme system,11.x-dev,6 years 3 months,1.3.1
3338664,Automated A11y tests in PHPUnit,Automated A11y tests in PHPUnit,https://www.drupal.org/project/drupal/issues/3338664,drupal,Needs review,Major,other,11.x-dev,2 years 10 months,General
3543395,Dropdown suggestions missing ARIA labels,Dropdown suggestions missing ARIA labels,https://www.drupal.org/project/drupal/issues/3543395,drupal,Postponed (maintainer needs more info),Normal,views.module,11.x-dev,3 months 3 weeks,General
3543463,Improve accessibility for tables in views,Improve accessibility for tables in views,https://www.drupal.org/project/drupal/issues/3543463,drupal,Active,Normal,views.module,11.x-dev,3 months 3 weeks,General
3501493,Get nightwatch a11y test coverage to use Standard profile,Get nightwatch a11y test coverage to use Standard profile,https://www.drupal.org/project/drupal/issues/3501493,drupal,Needs work,Normal,other,11.x-dev,10 months 4 weeks,General
3531873,Node Card template h3 causes accessibility issues,Node Card template h3 causes accessibility issues,https://www.drupal.org/project/drupal/issues/3531873,drupal,Active,Minor,Olivero theme,11.x-dev,5 months 3 weeks,General
3394024,Keyboard accessibility: not working with CKEditor 5 inserting image,Keyboard accessibility: not working with CKEditor 5 inserting image,https://www.drupal.org/project/drupal/issues/3394024,drupal,Postponed (maintainer needs more info),Major,ckeditor5.module,11.x-dev,2 years 2 months,2.1.1
2034999,[meta] Comply with WCAG 1.1: Text Alternatives,[meta] Comply with WCAG 1.1: Text Alternatives,https://www.drupal.org/project/drupal/issues/2034999,drupal,Postponed (maintainer needs more info),Normal,other,11.x-dev,12 years 5 months,General
2035139,[meta] Comply with WCAG guideline 4.1: Compatibility,[meta] Comply with WCAG guideline 4.1: Compatibility,https://www.drupal.org/project/drupal/issues/2035139,drupal,Postponed (maintainer needs more info),Normal,other,11.x-dev,12 years 5 months,General
2034909,[meta] Track progress in ATAG 2.0 conformance,[meta] Track progress in ATAG 2.0 conformance,https://www.drupal.org/project/drupal/issues/2034909,drupal,Active,Normal,other,11.x-dev,12 years 5 months,General
2921627,Drupal should not use full CSS required marker in forms according to WCAG 2.0,Drupal should not use full CSS required marker in forms according to WCAG 2.0,https://www.drupal.org/project/drupal/issues/2921627,drupal,Needs work,Major,forms system,11.x-dev,8 years 1 month,1.1.1
2864791,Implement new Success Criteria from WCAG 2.1,Implement new Success Criteria from WCAG 2.1,https://www.drupal.org/project/ideas/issues/2864791,drupal,Postponed (maintainer needs more info),Major,markup,11.x-dev,8 years 8 months,General
3413207,META: Provide better support for color and contrast media queries,META: Provide better support for color and contrast media queries,https://www.drupal.org/project/drupal/issues/3413207,drupal,Active,Normal,CSS,11.x-dev,1 year 11 months,General
2852874,Required file fields are not programmatically identified for assistive technology.,Required file fields are not programmatically identified for assistive technology.,https://www.drupal.org/project/drupal/issues/2852874,drupal,Active,Normal,file.module,11.x-dev,8 years 10 months,General
2928103,"[policy, no patch] Use ""prefers-reduced-motion"" media query to disable animations","[policy, no patch] Use ""prefers-reduced-motion"" media query to disable animations",https://www.drupal.org/project/drupal/issues/2928103,drupal,Active,Normal,CSS,11.x-dev,8 years 2 weeks,2.2.2
1323338,[meta] Conform to WCAG Success Criterion 3.1.2: Language of Parts,[meta] Conform to WCAG Success Criterion 3.1.2: Language of Parts,https://www.drupal.org/project/drupal/issues/1323338,drupal,Active,Normal,language system,11.x-dev,14 years 1 month,General
3362791,Untranslated translatable fields on translations of nodes are not marked for Language of Parts,Untranslated translatable fields on translations of nodes are not marked for Language of Parts,https://www.drupal.org/project/drupal/issues/3362791,drupal,Active,Normal,language system,11.x-dev,2 years 6 months,3.1.2
3361370,Untranslatable fields on translations of nodes are not marked for Language of Parts,Untranslatable fields on translations of nodes are not marked for Language of Parts,https://www.drupal.org/project/drupal/issues/3361370,drupal,Active,Normal,language system,11.x-dev,2 years 7 months,3.1.2
3361375,Untranslated field labels on translations of nodes are not marked for Language of Parts,Untranslated field labels on translations of nodes are not marked for Language of Parts,https://www.drupal.org/project/drupal/issues/3361375,drupal,Active,Normal,language system,11.x-dev,2 years 7 months,3.1.2
2805197,Provide screen-reader feedback when Views UI filterable options are updated,Provide screen-reader feedback when Views UI filterable options are updated,https://www.drupal.org/project/drupal/issues/2805197,drupal,Needs work,Normal,views_ui.module,11.x-dev,9 years 2 months,General
2034915,[meta] Track progress in WCAG 2.0 conformance,[meta] Track progress in WCAG 2.0 conformance,https://www.drupal.org/project/drupal/issues/2034915,drupal,Active,Normal,other,11.x-dev,12 years 5 months,General
3230231,image field alt help/description should distinguish between decorative & meaningful images,image field alt help/description should distinguish between decorative & meaningful images,https://www.drupal.org/project/drupal/issues/3230231,drupal,Active,Normal,image system,11.x-dev,4 years 3 months,1.1.1
3304479,Improve accessibility of layout preview icons,Improve accessibility of layout preview icons,https://www.drupal.org/project/drupal/issues/3304479,drupal,Active,Normal,other,11.x-dev,3 years 4 months,1.1.1
3087535,"In WYSIWYG embed modal for existing images, the alt text field should have a default value instead of placeholder text","In WYSIWYG embed modal for existing images, the alt text field should have a default value instead of placeholder text",https://www.drupal.org/project/drupal/issues/3087535,drupal,Needs work,Major,media system,11.x-dev,6 years 2 months,1.1.1
3272325,Password suggestions are hidden from screenreaders,Password suggestions are hidden from screenreaders,https://www.drupal.org/project/drupal/issues/3272325,drupal,Needs work,Normal,user system,11.x-dev,3 years 8 months,1.1.1
2960415,Media alt text not available in Views,Media alt text not available in Views,https://www.drupal.org/project/drupal/issues/2960415,drupal,Active,Normal,media system,11.x-dev,7 years 8 months,1.1.1
2770835,Add support for tables with two headers in views table display,Add support for tables with two headers in views table display,https://www.drupal.org/project/drupal/issues/2770835,drupal,Needs work,Normal,views.module,11.x-dev,9 years 5 months,1.1.1
3444209,[Regression] Password recommendations are not being announced to screenreader users,[Regression] Password recommendations are not being announced to screenreader users,https://www.drupal.org/project/drupal/issues/3444209,drupal,Active,Normal,user system,11.x-dev,1 year 7 months,1.1.1
2986117,Find a way to differentiate different media types in the administrative media library grid view,Find a way to differentiate different media types in the administrative media library grid view,https://www.drupal.org/project/drupal/issues/2986117,drupal,Active,Normal,media system,11.x-dev,7 years 5 months,1.1.1
2780293,Add GUI to configure the site's logo alt attribute,Add GUI to configure the site's logo alt attribute,https://www.drupal.org/project/drupal/issues/2780293,drupal,Needs work,Normal,theme system,11.x-dev,9 years 4 months,1.1.1
3275397,Olivero: messages icons accessibility,Olivero: messages icons accessibility,https://www.drupal.org/project/drupal/issues/3275397,drupal,Active,Normal,Olivero theme,11.x-dev,3 years 8 months,1.1.1
3050928,Allow content authors to define location for long description in CKEditor image plugin,Allow content authors to define location for long description in CKEditor image plugin,https://www.drupal.org/project/drupal/issues/3050928,drupal,Active,Normal,editor.module,11.x-dev,6 years 7 months,1.1.1
3056714,Provide a FieldType and FieldWidget to represent a WebVTT file for the HTML track element,Provide a FieldType and FieldWidget to represent a WebVTT file for the HTML track element,https://www.drupal.org/project/drupal/issues/3056714,drupal,Needs work,Normal,file system,11.x-dev,6 years 7 months,1.2.2
3057144,Update audio and video file field formatters to include track elements,Update audio and video file field formatters to include track elements,https://www.drupal.org/project/drupal/issues/3057144,drupal,Needs work,Normal,file system,11.x-dev,6 years 6 months,1.2.2
3002770,Provide authors with tools to manage transcripts and captions/subtitles for local video and audio,Provide authors with tools to manage transcripts and captions/subtitles for local video and audio,https://www.drupal.org/project/drupal/issues/3002770,drupal,Active,Major,media system,11.x-dev,7 years 2 months,1.2.2
2951714,radio buttons and checkboxes should be grouped by fieldsets,radio buttons and checkboxes should be grouped by fieldsets,https://www.drupal.org/project/drupal/issues/2951714,drupal,Postponed (maintainer needs more info),Normal,forms system,11.x-dev,7 years 9 months,1.3.1
2951317,"Radios element missing ""required"" attribute","Radios element missing ""required"" attribute",https://www.drupal.org/project/drupal/issues/2951317,drupal,Needs review,Normal,render system,11.x-dev,7 years 9 months,1.3.1
3291356,Olivero theme should place comment titles above authoring info in comment.html.twig in order to enhance screenreader experience,Olivero theme should place comment titles above authoring info in comment.html.twig in order to enhance screenreader experience,https://www.drupal.org/project/drupal/issues/3291356,drupal,Needs work,Normal,Olivero theme,11.x-dev,3 years 6 months,1.3.1
1383696,Allow a custom HTML element to be selected for a grouping field,Allow a custom HTML element to be selected for a grouping field,https://www.drupal.org/project/drupal/issues/1383696,drupal,Needs work,Normal,views_ui.module,11.x-dev,13 years 12 months,1.3.1
2937640,Umami theme ignores placeholders and HTML replaced elements when checking for empty regions,Umami theme ignores placeholders and HTML replaced elements when checking for empty regions,https://www.drupal.org/project/drupal/issues/2937640,drupal,Needs work,Major,Umami demo,11.x-dev,7 years 11 months,1.3.1
3080100,Assess accessibility of Claro in High Contrast AKA forced colors mode,Assess accessibility of Claro in High Contrast AKA forced colors mode,https://www.drupal.org/project/drupal/issues/3080100,drupal,Needs work,Normal,Claro theme,11.x-dev,6 years 3 months,1.3.1
3167032,[Meta] Track CSS forced-color standardization and browser support,[Meta] Track CSS forced-color standardization and browser support,https://www.drupal.org/project/drupal/issues/3167032,drupal,Active,Normal,CSS,11.x-dev,5 years 3 months,1.3.1
3296224,Issues for Mac VoiceOver screenreader users when deleting characters in the comment subject field and using Safari,Issues for Mac VoiceOver screenreader users when deleting characters in the comment subject field and using Safari,https://www.drupal.org/project/drupal/issues/3296224,drupal,Active,Normal,comment.module,11.x-dev,3 years 5 months,1.3.1
3062136,Create a details/summary FieldFormatter plugin for text fields.,Create a details/summary FieldFormatter plugin for text fields.,https://www.drupal.org/project/drupal/issues/3062136,drupal,Needs work,Major,text.module,11.x-dev,6 years 6 months,1.3.1
3127469,Form element error state not visible on Windows high contrast,Form element error state not visible on Windows high contrast,https://www.drupal.org/project/drupal/issues/3127469,drupal,Needs work,Normal,Claro theme,11.x-dev,5 years 8 months,1.3.1
3283883,Fieldset should not create title element when title is empty,Fieldset should not create title element when title is empty,https://www.drupal.org/project/drupal/issues/3283883,drupal,Needs work,Minor,forms system,11.x-dev,3 years 6 months,1.3.1
3037726,Convey successful outcome of add-block operation via assitive tech,Convey successful outcome of add-block operation via assitive tech,https://www.drupal.org/project/drupal/issues/3037726,drupal,Active,Normal,layout_builder.module,11.x-dev,6 years 9 months,1.3.1
3037730,Convey outcome of remove-block operation via assistive tech,Convey outcome of remove-block operation via assistive tech,https://www.drupal.org/project/drupal/issues/3037730,drupal,Active,Normal,layout_builder.module,11.x-dev,6 years 9 months,1.3.1
3037733,Convey outcome of remove-section operation via assistive tech,Convey outcome of remove-section operation via assistive tech,https://www.drupal.org/project/drupal/issues/3037733,drupal,Active,Normal,layout_builder.module,11.x-dev,6 years 9 months,1.3.1
3037725,Convey successful outcome of add-section operation via assitive tech,Convey successful outcome of add-section operation via assitive tech,https://www.drupal.org/project/drupal/issues/3037725,drupal,Active,Normal,layout_builder.module,11.x-dev,6 years 9 months,1.3.1
3037625,Duplicate label field when adding field w/o JS,Duplicate label field when adding field w/o JS,https://www.drupal.org/project/drupal/issues/3037625,drupal,Needs work,Normal,field_ui.module,11.x-dev,6 years 9 months,1.3.1
3081500,Accessibility bugs with vertical tabs,Accessibility bugs with vertical tabs,https://www.drupal.org/project/drupal/issues/3081500,drupal,Needs work,Normal,javascript,11.x-dev,6 years 3 months,1.3.1
3098857,"""drupal-live-announce"" is not contained in a landmark.","""drupal-live-announce"" is not contained in a landmark.",https://www.drupal.org/project/drupal/issues/3098857,drupal,Needs work,Normal,javascript,11.x-dev,6 years 2 weeks,1.3.1
3301868,Improve support for Voice Control with date fields,Improve support for Voice Control with date fields,https://www.drupal.org/project/drupal/issues/3301868,drupal,Active,Normal,forms system,11.x-dev,3 years 4 months,1.3.1
3116047,Windows High Contrast Accessibility Feedback for Olivero,Windows High Contrast Accessibility Feedback for Olivero,https://www.drupal.org/project/drupal/issues/3116047,drupal,Active,Normal,Olivero theme,11.x-dev,5 years 9 months,1.3.1
3531948,Top-level menu items in the footer region are too far away from their submenu items,Top-level menu items in the footer region are too far away from their submenu items,https://www.drupal.org/project/drupal/issues/3531948,drupal,Active,Normal,navigation.module,11.x-dev,5 months 3 weeks,1.3.3
2698127,Extend site information page to generate a manifest.json file,Extend site information page to generate a manifest.json file,https://www.drupal.org/project/drupal/issues/2698127,drupal,Needs work,Normal,base system,11.x-dev,9 years 8 months,1.3.4
3076171,Provide a new library to replace jQuery UI autocomplete,Provide a new library to replace jQuery UI autocomplete,https://www.drupal.org/project/drupal/issues/3076171,drupal,Needs work,Critical,javascript,11.x-dev,6 years 4 months,1.3.5
2928820,IME enhancement stops autocomplete search event in Android when typing an English word,IME enhancement stops autocomplete search event in Android when typing an English word,https://www.drupal.org/project/drupal/issues/2928820,drupal,Needs work,Normal,javascript,11.x-dev,8 years 1 week,1.3.5
867830,"""Unpublished"" style of rendered entities is not accessible (and looks bad)","""Unpublished"" style of rendered entities is not accessible (and looks bad)",https://www.drupal.org/project/drupal/issues/867830,drupal,Needs work,Major,markup,11.x-dev,15 years 4 months,1.4.1
3171726,Claro Shortcuts star fails WCAG Use of Color and Non-text contrast,Claro Shortcuts star fails WCAG Use of Color and Non-text contrast,https://www.drupal.org/project/drupal/issues/3171726,drupal,Needs work,Major,shortcut.module,11.x-dev,5 years 3 months,1.4.1
3426468,Make the active menu item visually stand out more,Make the active menu item visually stand out more,https://www.drupal.org/project/drupal/issues/3426468,drupal,Needs work,Normal,navigation.module,11.x-dev,1 year 9 months,1.4.1
3059168,Severity column icons on admin/reports/dblog are not accessible,Severity column icons on admin/reports/dblog are not accessible,https://www.drupal.org/project/drupal/issues/3059168,drupal,Needs work,Normal,dblog.module,11.x-dev,6 years 6 months,1.4.1
3038386,Improve accessibility of Views table sortable columns,Improve accessibility of Views table sortable columns,https://www.drupal.org/project/drupal/issues/3038386,drupal,Needs work,Normal,views.module,11.x-dev,6 years 9 months,1.4.1
2863052,Style state select as a button bar,Style state select as a button bar,https://www.drupal.org/project/drupal/issues/2863052,drupal,Active,Normal,content_moderation.module,11.x-dev,8 years 9 months,1.4.1
3332668,Tabledrag should provide quicker/smoother visual feedback when dragging,Tabledrag should provide quicker/smoother visual feedback when dragging,https://www.drupal.org/project/drupal/issues/3332668,drupal,Needs work,Normal,javascript,11.x-dev,2 years 11 months,1.4.1
3561365,The link panel has a few issues in regard to a too low color contrast,The link panel has a few issues in regard to a too low color contrast,https://www.drupal.org/project/drupal/issues/3561365,drupal,Active,Normal,ckeditor5.module,11.x-dev,2 weeks 1 hour,1.4.3
2384203,Improve indentation in hierarchical select lists,Improve indentation in hierarchical select lists,https://www.drupal.org/project/drupal/issues/2384203,drupal,Needs work,Normal,user interface text,11.x-dev,11 years 3 weeks,1.4.4
3068698,Better shortcut action link styles when there's limited horizontal space,Better shortcut action link styles when there's limited horizontal space,https://www.drupal.org/project/drupal/issues/3068698,drupal,Needs work,Normal,Claro theme,11.x-dev,6 years 5 months,1.4.4
2880011,Add a #disable_inline_form_errors_summary property to disable the Inline Form Errors summary,Add a #disable_inline_form_errors_summary property to disable the Inline Form Errors summary,https://www.drupal.org/project/drupal/issues/2880011,drupal,Needs work,Normal,inline_form_errors.module,11.x-dev,8 years 7 months,1.4.10
3164587,"Text resize on wide screen layout also causes reflow to single column, making the layout too wide","Text resize on wide screen layout also causes reflow to single column, making the layout too wide",https://www.drupal.org/project/drupal/issues/3164587,drupal,Active,Normal,Claro theme,11.x-dev,5 years 4 months,1.4.10
2280035,Add another responsive tables solution that doesn't hide content,Add another responsive tables solution that doesn't hide content,https://www.drupal.org/project/drupal/issues/2280035,drupal,Needs work,Normal,CSS,11.x-dev,11 years 6 months,1.4.10
2313471,Re-wrap text in views interface when zooming in mobile,Re-wrap text in views interface when zooming in mobile,https://www.drupal.org/project/drupal/issues/2313471,drupal,Active,Normal,views_ui.module,11.x-dev,11 years 4 months,1.4.10
2234745,Dialogs sub-optimal when fully zoomed,Dialogs sub-optimal when fully zoomed,https://www.drupal.org/project/drupal/issues/2234745,drupal,Active,Normal,other,11.x-dev,11 years 8 months,1.4.10
3191806,Only close Olivero sub-menus when resize results in a different menu format,Only close Olivero sub-menus when resize results in a different menu format,https://www.drupal.org/project/drupal/issues/3191806,drupal,Needs work,Major,Olivero theme,11.x-dev,4 years 11 months,1.4.10
2574721,Provide access to action links in the modules page on small screens,Provide access to action links in the modules page on small screens,https://www.drupal.org/project/drupal/issues/2574721,drupal,Needs work,Major,extension system,11.x-dev,10 years 2 months,1.4.10
3272266,Grey button's background color has a too low contrast ratio against page background,Grey button's background color has a too low contrast ratio against page background,https://www.drupal.org/project/drupal/issues/3272266,drupal,Needs work,Normal,Claro theme,11.x-dev,3 years 8 months,1.4.11
3269420,Toolbar icons may not meet contrast when in forced colors mode,Toolbar icons may not meet contrast when in forced colors mode,https://www.drupal.org/project/drupal/issues/3269420,drupal,Active,Normal,toolbar.module,11.x-dev,3 years 9 months,1.4.11
3506333,Improve the perceptibility of contextual link buttons,Improve the perceptibility of contextual link buttons,https://www.drupal.org/project/drupal/issues/3506333,drupal,Active,Normal,media system,11.x-dev,10 months 1 week,1.4.11
3272592,"CKEditor 5 has its own focus styles, should use the admin theme's (e.g. Claro's)","CKEditor 5 has its own focus styles, should use the admin theme's (e.g. Claro's)",https://www.drupal.org/project/drupal/issues/3272592,drupal,Needs work,Normal,ckeditor5.module,11.x-dev,3 years 8 months,1.4.11
1899236,Add new Splitbutton render element to eventually replace Dropbutton,Add new Splitbutton render element to eventually replace Dropbutton,https://www.drupal.org/project/drupal/issues/1899236,drupal,Needs work,Normal,theme system,11.x-dev,12 years 10 months,1.4.11
2910102,Improve icon color contrast for WCAG 2.1,Improve icon color contrast for WCAG 2.1,https://www.drupal.org/project/drupal/issues/2910102,drupal,Active,Normal,other,11.x-dev,8 years 3 months,1.4.11
3269342,"""Edit"" cog icon for Field UI does not meet contrast minimums when in forced colors","""Edit"" cog icon for Field UI does not meet contrast minimums when in forced colors",https://www.drupal.org/project/drupal/issues/3269342,drupal,Active,Normal,field_ui.module,11.x-dev,3 years 9 months,1.4.11
3037742,The toggle that makes Contextual Links visible at all times might not be sufficiently discoverable,The toggle that makes Contextual Links visible at all times might not be sufficiently discoverable,https://www.drupal.org/project/drupal/issues/3037742,drupal,Active,Major,layout_builder.module,11.x-dev,6 years 9 months,1.4.11
2848549,Refine the layout selection UI,Refine the layout selection UI,https://www.drupal.org/project/drupal/issues/2848549,drupal,Active,Major,layout_discovery.module,11.x-dev,8 years 10 months,1.4.11
3273806,WCAG color constrast fails on toolbar direction icon,WCAG color constrast fails on toolbar direction icon,https://www.drupal.org/project/drupal/issues/3273806,drupal,Active,Normal,toolbar.module,11.x-dev,3 years 8 months,1.4.11
2919837,Accessibility Issues with Off-Canvas dialog,Accessibility Issues with Off-Canvas dialog,https://www.drupal.org/project/drupal/issues/2919837,drupal,Active,Normal,settings_tray.module,11.x-dev,8 years 1 month,1.4.12
3448100,In the mobile version of navigation the close button is not accessible by the keyboard,In the mobile version of navigation the close button is not accessible by the keyboard,https://www.drupal.org/project/drupal/issues/3448100,drupal,Needs work,Normal,navigation.module,11.x-dev,1 year 7 months,2.1.1
3541741,Close only lowest-level submenu with Escape key,Close only lowest-level submenu with Escape key,https://www.drupal.org/project/drupal/issues/3541741,drupal,Active,Normal,navigation.module,11.x-dev,4 months 2 days,2.1.1
3081515,"Add a new, accessible datepicker library to avoid using native browser datepickers for accessibility and consistency","Add a new, accessible datepicker library to avoid using native browser datepickers for accessibility and consistency",https://www.drupal.org/project/drupal/issues/3081515,drupal,Active,Normal,datetime.module,11.x-dev,6 years 3 months,2.1.1
2634854,Add dropdowns to horizontal toolbar menu (as with 'admin toolbar' in contrib),Add dropdowns to horizontal toolbar menu (as with 'admin toolbar' in contrib),https://www.drupal.org/project/drupal/issues/2634854,drupal,Needs work,Major,toolbar.module,11.x-dev,10 years 6 days,2.1.1
2933984,508 Compliance - Tooltips not displayed for keyboard navigation,508 Compliance - Tooltips not displayed for keyboard navigation,https://www.drupal.org/project/drupal/issues/2933984,drupal,Active,Normal,field system,11.x-dev,7 years 11 months,2.1.1
3042516,Re-evaluate whether Contextual Links are the best interaction for configuring/moving/deleting blocks in Layout Builder,Re-evaluate whether Contextual Links are the best interaction for configuring/moving/deleting blocks in Layout Builder,https://www.drupal.org/project/drupal/issues/3042516,drupal,Active,Major,layout_builder.module,11.x-dev,6 years 9 months,2.1.1
3210434,Olivero: Header menu should not close if menu item has focus,Olivero: Header menu should not close if menu item has focus,https://www.drupal.org/project/drupal/issues/3210434,drupal,Needs work,Normal,Olivero theme,11.x-dev,4 years 7 months,2.1.1
3246422,Keyboard Navigation: Arrow Keys in menu for Olivero,Keyboard Navigation: Arrow Keys in menu for Olivero,https://www.drupal.org/project/drupal/issues/3246422,drupal,Active,Normal,Olivero theme,11.x-dev,4 years 1 month,2.1.1
2915762,Return to tab position when exiting dialog opened from contextual link,Return to tab position when exiting dialog opened from contextual link,https://www.drupal.org/project/drupal/issues/2915762,drupal,Needs work,Normal,contextual.module,11.x-dev,8 years 2 months,2.1.1
3093461,Let users disable animation in Olivero,Let users disable animation in Olivero,https://www.drupal.org/project/drupal/issues/3093461,drupal,Needs work,Normal,Olivero theme,11.x-dev,6 years 1 month,2.3.3
3370946,Page title should contextualize the local navigation,Page title should contextualize the local navigation,https://www.drupal.org/project/drupal/issues/3370946,drupal,Needs work,Normal,base system,11.x-dev,2 years 5 months,2.4.2
3207233,Improve the visual indication of the active workspace in the Workspaces listing UI,Improve the visual indication of the active workspace in the Workspaces listing UI,https://www.drupal.org/project/drupal/issues/3207233,drupal,Needs work,Major,workspaces.module,11.x-dev,4 years 8 months,2.4.2
2509716,Allow global tokens (and therefore page numbers) in display title,Allow global tokens (and therefore page numbers) in display title,https://www.drupal.org/project/drupal/issues/2509716,drupal,Needs work,Normal,views.module,11.x-dev,10 years 6 months,2.4.2
3506324,Redundant aural interface and the general interaction with CKEditor toolbar configuration,Redundant aural interface and the general interaction with CKEditor toolbar configuration,https://www.drupal.org/project/drupal/issues/3506324,drupal,Active,Normal,ckeditor.module,11.x-dev,10 months 1 week,2.4.3
3395355,With an open dialog modal also elements in the background are added to the accessibility object model,With an open dialog modal also elements in the background are added to the accessibility object model,https://www.drupal.org/project/drupal/issues/3395355,drupal,Active,Normal,javascript,11.x-dev,2 years 2 months,2.4.3
2973114,"When enabling or disabling a block, don't move the focus to the top of the page","When enabling or disabling a block, don't move the focus to the top of the page",https://www.drupal.org/project/drupal/issues/2973114,drupal,Active,Normal,block.module,11.x-dev,7 years 7 months,2.4.3
3019849,Return focus to point of action when the off-canvas dialog closes,Return focus to point of action when the off-canvas dialog closes,https://www.drupal.org/project/drupal/issues/3019849,drupal,Active,Normal,layout_builder.module,11.x-dev,7 years 1 week,2.4.3
3042107,Layout Builder actions are inconvenient to access via keyboard navigation,Layout Builder actions are inconvenient to access via keyboard navigation,https://www.drupal.org/project/drupal/issues/3042107,drupal,Active,Major,layout_builder.module,11.x-dev,6 years 9 months,2.4.3
2925295,Make sure controls within hidden content are not focusable,Make sure controls within hidden content are not focusable,https://www.drupal.org/project/drupal/issues/2925295,drupal,Active,Normal,theme system,11.x-dev,8 years 4 weeks,2.4.3
3273086,Differing focus order for CKEditor plugin settings for viewports smaller and larger than 1360px,Differing focus order for CKEditor plugin settings for viewports smaller and larger than 1360px,https://www.drupal.org/project/drupal/issues/3273086,drupal,Active,Normal,Claro theme,11.x-dev,3 years 8 months,2.4.3
3439721,"Make the link descriptions more descriptive, helpful, and clear.","Make the link descriptions more descriptive, helpful, and clear.",https://www.drupal.org/project/drupal/issues/3439721,drupal,Needs work,Normal,navigation.module,11.x-dev,1 year 8 months,2.4.4
3310147,Improve the visually-hidden label for drop buttons,Improve the visually-hidden label for drop buttons,https://www.drupal.org/project/drupal/issues/3310147,drupal,Active,Normal,Claro theme,11.x-dev,3 years 3 months,2.4.4
2614950,Add option for visually-hidden block titles,Add option for visually-hidden block titles,https://www.drupal.org/project/drupal/issues/2614950,drupal,Needs work,Normal,block.module,11.x-dev,10 years 1 month,2.4.6
3277785,Allow wrapping field labels in a heading tag,Allow wrapping field labels in a heading tag,https://www.drupal.org/project/drupal/issues/3277785,drupal,Needs work,Normal,field system,11.x-dev,3 years 7 months,2.4.6
3293673,[ATAG] Text editor should alert user when headings are out of order,[ATAG] Text editor should alert user when headings are out of order,https://www.drupal.org/project/drupal/issues/3293673,drupal,Active,Normal,filter.module,11.x-dev,3 years 5 months,2.4.6
2822778,Modal popups in views is not showing properly when toolbar tray is upon modal,Modal popups in views is not showing properly when toolbar tray is upon modal,https://www.drupal.org/project/drupal/issues/2822778,drupal,Needs work,Major,toolbar.module,11.x-dev,9 years 1 month,2.4.7
3200584,Olivero's focus state outline can get cut off certain situations,Olivero's focus state outline can get cut off certain situations,https://www.drupal.org/project/drupal/issues/3200584,drupal,Needs work,Normal,Olivero theme,11.x-dev,4 years 9 months,2.4.7
3270230,Toolbar focus styles are not sufficiently obvious to know where your focus is,Toolbar focus styles are not sufficiently obvious to know where your focus is,https://www.drupal.org/project/drupal/issues/3270230,drupal,Needs work,Normal,toolbar.module,11.x-dev,3 years 9 months,2.4.7
3163765,Add option to un-sticky table headers to benefit assistive tech users,Add option to un-sticky table headers to benefit assistive tech users,https://www.drupal.org/project/drupal/issues/3163765,drupal,Needs work,Normal,javascript,11.x-dev,5 years 4 months,2.4.7
3272607,opening a field formatter on manage form display redorders the tab order and the user starts again at show row weights,opening a field formatter on manage form display redorders the tab order and the user starts again at show row weights,https://www.drupal.org/project/drupal/issues/3272607,drupal,Active,Normal,Claro theme,11.x-dev,3 years 8 months,2.4.7
1919940,"Build API to Replace Links using Title Attributes with Proper Accessible, Themable Tooltips","Build API to Replace Links using Title Attributes with Proper Accessible, Themable Tooltips",https://www.drupal.org/project/drupal/issues/1919940,drupal,Needs work,Normal,theme system,11.x-dev,12 years 10 months,2.4.7
3044440,Improve tab navigation by providing 'details' elements with a default value for #title,Improve tab navigation by providing 'details' elements with a default value for #title,https://www.drupal.org/project/drupal/issues/3044440,drupal,Active,Normal,render system,11.x-dev,6 years 8 months,2.4.7
3273054,Checkboxes of text formats in the filter section on the permissions page have visually hidden labels with links causing hidden focus states,Checkboxes of text formats in the filter section on the permissions page have visually hidden labels with links causing hidden focus states,https://www.drupal.org/project/drupal/issues/3273054,drupal,Active,Normal,user.module,11.x-dev,3 years 8 months,2.4.7
3272493,[drupalImage] Scroll to last image when uploading multiple images,[drupalImage] Scroll to last image when uploading multiple images,https://www.drupal.org/project/drupal/issues/3272493,drupal,Active,Major,ckeditor5.module,11.x-dev,3 years 8 months,2.4.7
3091534,Elements inside system-status-report__entry lose partial focus styling,Elements inside system-status-report__entry lose partial focus styling,https://www.drupal.org/project/drupal/issues/3091534,drupal,Needs work,Normal,Claro theme,11.x-dev,6 years 1 month,2.4.7
3302103,Settings tray focus trap can inadvertently allow escaping of focus,Settings tray focus trap can inadvertently allow escaping of focus,https://www.drupal.org/project/drupal/issues/3302103,drupal,Active,Normal,settings_tray.module,11.x-dev,3 years 4 months,2.4.7
3191680,Figure out focus state for search form in Olivero,Figure out focus state for search form in Olivero,https://www.drupal.org/project/drupal/issues/3191680,drupal,Active,Normal,Olivero theme,11.x-dev,4 years 11 months,2.4.7
3080853,Improve link text on available updates page to address WCAG SC 2.4.9 Link purpose (link only),Improve link text on available updates page to address WCAG SC 2.4.9 Link purpose (link only),https://www.drupal.org/project/drupal/issues/3080853,drupal,Needs work,Normal,update.module,11.x-dev,6 years 3 months,2.4.9
3277286,Edge in Windows high contrast mode creates a horizontal scroll in the media library dialog,Edge in Windows high contrast mode creates a horizontal scroll in the media library dialog,https://www.drupal.org/project/drupal/issues/3277286,drupal,Active,Normal,Claro theme,11.x-dev,3 years 7 months,2.4.11
3027229,Modernize tabledrag accessibility.,Modernize tabledrag accessibility.,https://www.drupal.org/project/drupal/issues/3027229,drupal,Active,Normal,javascript,11.x-dev,6 years 11 months,2.5.1
2920006,Research accessibility of drag-and-drop grid interfaces.,Research accessibility of drag-and-drop grid interfaces.,https://www.drupal.org/project/drupal/issues/2920006,drupal,Active,Major,javascript,11.x-dev,8 years 1 month,2.5.1
3083256,Create smaller variations for form elements,Create smaller variations for form elements,https://www.drupal.org/project/drupal/issues/3083256,drupal,Needs work,Normal,Claro theme,11.x-dev,6 years 2 months,2.5.1
2616184,Right click should not submit buttons with Ajax behaviors,Right click should not submit buttons with Ajax behaviors,https://www.drupal.org/project/drupal/issues/2616184,drupal,Needs work,Normal,ajax system,11.x-dev,10 years 1 month,2.5.2
2960840,"Replace javascript event listeners which use ""down"" events in the ajax component","Replace javascript event listeners which use ""down"" events in the ajax component",https://www.drupal.org/project/drupal/issues/2960840,drupal,Active,Normal,ajax system,11.x-dev,7 years 8 months,2.5.2
3083583,[META] Discourage non-inclusive use of the HTML title attribute,[META] Discourage non-inclusive use of the HTML title attribute,https://www.drupal.org/project/drupal/issues/3083583,drupal,Active,Normal,markup,11.x-dev,6 years 2 months,2.5.3
3015239,Assess Drupal core for WCAG success criterion 2.5.3 Label in Name,Assess Drupal core for WCAG success criterion 2.5.3 Label in Name,https://www.drupal.org/project/drupal/issues/3015239,drupal,Active,Normal,markup,11.x-dev,7 years 4 weeks,2.5.3
2960828,Link labels generated by the Entity List Builder should provide more context for a11y,Link labels generated by the Entity List Builder should provide more context for a11y,https://www.drupal.org/project/drupal/issues/2960828,drupal,Needs work,Normal,views_ui.module,11.x-dev,7 years 8 months,2.5.3
2973124,Provide better context in accessible names of EntityOperation views plugin drop-button operations,Provide better context in accessible names of EntityOperation views plugin drop-button operations,https://www.drupal.org/project/drupal/issues/2973124,drupal,Needs work,Normal,views.module,11.x-dev,7 years 7 months,2.5.3
3026317,a11y revision for Claro,a11y revision for Claro,https://www.drupal.org/project/drupal/issues/3026317,drupal,Active,Normal,Claro theme,11.x-dev,6 years 11 months,2.5.5
3506334,Increase the target sizes to meet the minimum requirement,Increase the target sizes to meet the minimum requirement,https://www.drupal.org/project/drupal/issues/3506334,drupal,Active,Normal,ajax system,11.x-dev,10 months 1 week,2.5.8
3491461,[meta] Some interface components don’t meet the minimum target size,[meta] Some interface components don’t meet the minimum target size,https://www.drupal.org/project/drupal/issues/3491461,drupal,Active,Normal,Claro theme,11.x-dev,1 year 2 weeks,2.5.8
2827034,DateList and date range inline form errors are repeated,DateList and date range inline form errors are repeated,https://www.drupal.org/project/drupal/issues/2827034,drupal,Needs work,Normal,datetime.module,11.x-dev,9 years 1 month,3.1.2
82751,Allow some HTML tags in node titles,Allow some HTML tags in node titles,https://www.drupal.org/project/drupal/issues/82751,drupal,Active,Major,field system,11.x-dev,19 years 3 months,3.1.2
3049122,Links in language switcher block do not conform to WCAG language-of-parts,Links in language switcher block do not conform to WCAG language-of-parts,https://www.drupal.org/project/drupal/issues/3049122,drupal,Active,Normal,language system,11.x-dev,6 years 8 months,3.1.2
3020305,The core language selector does not have a lang tag,The core language selector does not have a lang tag,https://www.drupal.org/project/drupal/issues/3020305,drupal,Needs work,Normal,language system,11.x-dev,7 years 6 days,3.1.2
3300836,Untranslatable fields do not respect language of parts,Untranslatable fields do not respect language of parts,https://www.drupal.org/project/drupal/issues/3300836,drupal,Active,Normal,language system,11.x-dev,3 years 4 months,3.1.2
2496223,Views containing content not in the page's language need to add tags which mark the language of parts,Views containing content not in the page's language need to add tags which mark the language of parts,https://www.drupal.org/project/drupal/issues/2496223,drupal,Active,Normal,views.module,11.x-dev,10 years 6 months,3.1.2
3246188,Vertical tabs auto collapse on viewports smaller than 1360px on certain configuration actions,Vertical tabs auto collapse on viewports smaller than 1360px on certain configuration actions,https://www.drupal.org/project/drupal/issues/3246188,drupal,Active,Normal,Claro theme,11.x-dev,4 years 1 month,3.2.1
3028968,Create Javascript library for searching/filtering rendered lists on the client.,Create Javascript library for searching/filtering rendered lists on the client.,https://www.drupal.org/project/drupal/issues/3028968,drupal,Needs review,Normal,javascript,11.x-dev,6 years 10 months,3.2.2
3209129,Scrolling problems when adding a block via layout builder,Scrolling problems when adding a block via layout builder,https://www.drupal.org/project/drupal/issues/3209129,drupal,Needs work,Major,layout_builder.module,11.x-dev,4 years 8 months,3.2.3
2895388,Modules uninstall filter does not filter by machine name,Modules uninstall filter does not filter by machine name,https://www.drupal.org/project/drupal/issues/2895388,drupal,Needs work,Normal,system.module,11.x-dev,8 years 5 months,3.2.3
3015494,Make admin list filters behave more consistently.,Make admin list filters behave more consistently.,https://www.drupal.org/project/drupal/issues/3015494,drupal,Active,Normal,other,11.x-dev,7 years 3 weeks,3.2.3
3129257,Olivero: Mobile tabs can become out of order if browser is resized,Olivero: Mobile tabs can become out of order if browser is resized,https://www.drupal.org/project/drupal/issues/3129257,drupal,Needs work,Normal,Olivero theme,11.x-dev,5 years 8 months,3.2.3
3084554,Change the way the + before the Add Content link is presented on admin/content so that NVDA on Firefox doesn't bury the link,Change the way the + before the Add Content link is presented on admin/content so that NVDA on Firefox doesn't bury the link,https://www.drupal.org/project/drupal/issues/3084554,drupal,Needs work,Major,Claro theme,11.x-dev,6 years 2 months,3.2.3
3083103,Programmatically associate error messages with inputs,Programmatically associate error messages with inputs,https://www.drupal.org/project/drupal/issues/3083103,drupal,Needs work,Normal,forms system,11.x-dev,6 years 2 months,3.3.1
2847425,#states not affecting visibility/requirement of managed_file,#states not affecting visibility/requirement of managed_file,https://www.drupal.org/project/drupal/issues/2847425,drupal,Needs work,Major,file system,11.x-dev,8 years 10 months,3.3.1
3089402,Drupal.Message should add 'Error message' prefixed to Drupal.announce error messages,Drupal.Message should add 'Error message' prefixed to Drupal.announce error messages,https://www.drupal.org/project/drupal/issues/3089402,drupal,Needs work,Normal,ajax system,11.x-dev,6 years 1 month,3.3.1
3344778,Form input errors should be announced via the aria-live region every time they occur,Form input errors should be announced via the aria-live region every time they occur,https://www.drupal.org/project/drupal/issues/3344778,drupal,Active,Normal,other,11.x-dev,2 years 9 months,3.3.1
3081526,Add announcement after clicking 'Save and select' in the media library.,Add announcement after clicking 'Save and select' in the media library.,https://www.drupal.org/project/drupal/issues/3081526,drupal,Needs work,Major,media system,11.x-dev,6 years 3 months,3.3.1
736182,Match States API required fields theming with Forms API,Match States API required fields theming with Forms API,https://www.drupal.org/project/drupal/issues/736182,drupal,Needs work,Normal,forms system,11.x-dev,15 years 9 months,3.3.1
2560467,Inline Errors not shown for container elements,Inline Errors not shown for container elements,https://www.drupal.org/project/drupal/issues/2560467,drupal,Needs work,Normal,forms system,11.x-dev,10 years 3 months,3.3.1
2848307,Inline errors not working on form table elements,Inline errors not working on form table elements,https://www.drupal.org/project/drupal/issues/2848307,drupal,Active,Normal,inline_form_errors.module,11.x-dev,8 years 10 months,3.3.1
3261571,Prepend error to document.title when form submission fails,Prepend error to document.title when form submission fails,https://www.drupal.org/project/drupal/issues/3261571,drupal,Active,Normal,forms system,11.x-dev,3 years 10 months,3.3.1
3271203,[drupalImage] Announce image upload for screenreader users,[drupalImage] Announce image upload for screenreader users,https://www.drupal.org/project/drupal/issues/3271203,drupal,Active,Major,ckeditor5.module,11.x-dev,3 years 9 months,3.3.1
3087385,"If the user attempts to upload an incorrect file type through the media library modal, the error message is not read by the screenreader","If the user attempts to upload an incorrect file type through the media library modal, the error message is not read by the screenreader",https://www.drupal.org/project/drupal/issues/3087385,drupal,Needs work,Major,file.module,11.x-dev,6 years 2 months,3.3.1
3087305,Form validation error messages within the Media Library widget are not read by the screenreader,Form validation error messages within the Media Library widget are not read by the screenreader,https://www.drupal.org/project/drupal/issues/3087305,drupal,Needs work,Major,media system,11.x-dev,6 years 2 months,3.3.1
2848507,Indicate that grouping elements have child element errors for ux and a11y,Indicate that grouping elements have child element errors for ux and a11y,https://www.drupal.org/project/drupal/issues/2848507,drupal,Needs work,Major,forms system,11.x-dev,8 years 10 months,3.3.1
2563173,Display 'required' validation errors for form elements that do not provide a #title,Display 'required' validation errors for form elements that do not provide a #title,https://www.drupal.org/project/drupal/issues/2563173,drupal,Needs work,Major,forms system,11.x-dev,10 years 3 months,3.3.1
2455933,Error highlighting and reporting problems for the current password on the user profile form,Error highlighting and reporting problems for the current password on the user profile form,https://www.drupal.org/project/drupal/issues/2455933,drupal,Needs work,Normal,user.module,11.x-dev,10 years 9 months,3.3.1
2089703,The file upload field needs a progress indicator that expresses to screen reading user agents when a file upload is finished,The file upload field needs a progress indicator that expresses to screen reading user agents when a file upload is finished,https://www.drupal.org/project/drupal/issues/2089703,drupal,Needs work,Normal,file.module,11.x-dev,12 years 3 months,3.3.1
2608180,View Search Filter's Label isn't Associated with Input,View Search Filter's Label isn't Associated with Input,https://www.drupal.org/project/drupal/issues/2608180,drupal,Active,Normal,views_ui.module,11.x-dev,10 years 1 month,3.3.2
2942037,Admin list filter fields are inconsistently labelled.,Admin list filter fields are inconsistently labelled.,https://www.drupal.org/project/drupal/issues/2942037,drupal,Active,Normal,user interface text,11.x-dev,7 years 10 months,3.3.2
3318398,Address A11y test fails in search/node,Address A11y test fails in search/node,https://www.drupal.org/project/drupal/issues/3318398,drupal,Active,Normal,search.module,11.x-dev,3 years 1 month,4.1.1
3090120,Improve accessibility semantics for Toolbar buttons with trays,Improve accessibility semantics for Toolbar buttons with trays,https://www.drupal.org/project/drupal/issues/3090120,drupal,Needs work,Major,toolbar.module,11.x-dev,6 years 1 month,4.1.2
953034,[meta] Themes improperly check renderable arrays when determining visibility,[meta] Themes improperly check renderable arrays when determining visibility,https://www.drupal.org/project/drupal/issues/953034,drupal,Needs work,Major,theme system,11.x-dev,15 years 1 month,4.1.2
3218877,Labels do not have correct 'for' attribute if 'id' set in #attributes,Labels do not have correct 'for' attribute if 'id' set in #attributes,https://www.drupal.org/project/drupal/issues/3218877,drupal,Needs work,Normal,forms system,11.x-dev,4 years 6 months,4.1.2
2822414,Redesign the 'install profile selection' installer screen to allow for experimental profiles and more information,Redesign the 'install profile selection' installer screen to allow for experimental profiles and more information,https://www.drupal.org/project/drupal/issues/2822414,drupal,Needs work,Normal,install system,11.x-dev,9 years 1 month,4.1.2
3083181,Menu blocks in Layout Builder get malformed aria-labelledby attribute,Menu blocks in Layout Builder get malformed aria-labelledby attribute,https://www.drupal.org/project/drupal/issues/3083181,drupal,Needs work,Normal,block.module,11.x-dev,6 years 2 months,4.1.2
2305109,Figure/Figcaption for Image Widget,Figure/Figcaption for Image Widget,https://www.drupal.org/project/drupal/issues/2305109,drupal,Needs work,Normal,image system,11.x-dev,11 years 5 months,4.1.2
3318394,Block UI A11y errors identified with Axe + Nightwatch,Block UI A11y errors identified with Axe + Nightwatch,https://www.drupal.org/project/drupal/issues/3318394,drupal,Active,Normal,block.module,11.x-dev,3 years 1 month,4.1.2
3459246,Add a '#check_all' option for checkboxes element,Add a '#check_all' option for checkboxes element,https://www.drupal.org/project/drupal/issues/3459246,drupal,Needs work,Normal,forms system,11.x-dev,1 year 5 months,4.1.2
2464595,Elements that use .visually-hidden and .focusable aren’t read when using VoiceOver in iOS or in Chrome,Elements that use .visually-hidden and .focusable aren’t read when using VoiceOver in iOS or in Chrome,https://www.drupal.org/project/drupal/issues/2464595,drupal,Needs work,Normal,CSS,11.x-dev,10 years 8 months,4.1.2
3342811,"Add role=""button"" and spacebar trigger to <a class=""use-ajax""> to behave like a button","Add role=""button"" and spacebar trigger to <a class=""use-ajax""> to behave like a button",https://www.drupal.org/project/drupal/issues/3342811,drupal,Active,Normal,ajax system,11.x-dev,2 years 10 months,4.1.2
3208640,<figure> elements with a role of group need an accessible label,<figure> elements with a role of group need an accessible label,https://www.drupal.org/project/drupal/issues/3208640,drupal,Needs work,Normal,media system,11.x-dev,4 years 8 months,4.1.2
3105316,Add accessible names to theme region complementary landmarks,Add accessible names to theme region complementary landmarks,https://www.drupal.org/project/drupal/issues/3105316,drupal,Needs work,Normal,markup,11.x-dev,5 years 11 months,4.1.2
1402250,"Allow modules to classify blocks when defining them, so WAI-ARIA roles can automatically be added in the theme layer","Allow modules to classify blocks when defining them, so WAI-ARIA roles can automatically be added in the theme layer",https://www.drupal.org/project/drupal/issues/1402250,drupal,Needs work,Normal,block.module,11.x-dev,13 years 11 months,4.1.2
2863846,File Field design update progress bar,File Field design update progress bar,https://www.drupal.org/project/drupal/issues/2863846,drupal,Active,Normal,file.module,11.x-dev,8 years 9 months,4.1.2
3272316,Claro's vertical tabs' aria states don't always properly reflect state at mobile,Claro's vertical tabs' aria states don't always properly reflect state at mobile,https://www.drupal.org/project/drupal/issues/3272316,drupal,Needs work,Normal,Claro theme,11.x-dev,3 years 8 months,4.1.2
2163425,Automatically close the admin menu tray after using it on narrow screens,Automatically close the admin menu tray after using it on narrow screens,https://www.drupal.org/project/drupal/issues/2163425,drupal,Active,Normal,toolbar.module,11.x-dev,11 years 11 months,4.1.2
2773601,"Display ""You are now in edit mode"" prompt when user enters edit mode","Display ""You are now in edit mode"" prompt when user enters edit mode",https://www.drupal.org/project/drupal/issues/2773601,drupal,Needs work,Normal,settings_tray.module,11.x-dev,9 years 4 months,4.1.2
2962585,Treat entity label as a row-level header in entity list tables,Treat entity label as a row-level header in entity list tables,https://www.drupal.org/project/drupal/issues/2962585,drupal,Active,Normal,entity system,11.x-dev,7 years 8 months,4.1.2
2805499,Provide screen reader feedback when Views List is filtered by name or description,Provide screen reader feedback when Views List is filtered by name or description,https://www.drupal.org/project/drupal/issues/2805499,drupal,Needs work,Normal,views_ui.module,11.x-dev,9 years 2 months,4.1.2
2913378,Bulk Action Results are not read by Screen Reader,Bulk Action Results are not read by Screen Reader,https://www.drupal.org/project/drupal/issues/2913378,drupal,Active,Normal,views_ui.module,11.x-dev,8 years 2 months,4.1.2
2290043,Threaded Comments Should Use Heading Levels to Communicate Reply Depth,Threaded Comments Should Use Heading Levels to Communicate Reply Depth,https://www.drupal.org/project/drupal/issues/2290043,drupal,Active,Normal,comment.module,11.x-dev,11 years 6 months,4.1.2
1854046,"Add ""changed"" hints to translation settings page","Add ""changed"" hints to translation settings page",https://www.drupal.org/project/drupal/issues/1854046,drupal,Needs work,Minor,content_translation.module,11.x-dev,13 years 3 weeks,4.1.2
675348,META: Support HTML5 form input elements,META: Support HTML5 form input elements,https://www.drupal.org/project/drupal/issues/675348,drupal,Active,Normal,forms system,11.x-dev,15 years 11 months,4.1.2
2079129,Investigate how Dragon Naturally Speaking recognizes UI elements; test with a modal close button,Investigate how Dragon Naturally Speaking recognizes UI elements; test with a modal close button,https://www.drupal.org/project/drupal/issues/2079129,drupal,Active,Normal,user interface text,11.x-dev,12 years 3 months,4.1.2
2124405,Take advantage of ARIA roles (specifically widget roles) to enrich the non-visual interface of Views,Take advantage of ARIA roles (specifically widget roles) to enrich the non-visual interface of Views,https://www.drupal.org/project/drupal/issues/2124405,drupal,Active,Normal,views_ui.module,11.x-dev,12 years 1 month,4.1.2
1096124,Accessibility: Compose tips tables need better use of id's & summary elements,Accessibility: Compose tips tables need better use of id's & summary elements,https://www.drupal.org/project/drupal/issues/1096124,drupal,Active,Normal,filter.module,11.x-dev,14 years 9 months,4.1.2
2047089,Content translation settings UI should leverage Drupal.announce() to inform screen reader users of dynamic changes,Content translation settings UI should leverage Drupal.announce() to inform screen reader users of dynamic changes,https://www.drupal.org/project/drupal/issues/2047089,drupal,Active,Normal,content_translation.module,11.x-dev,12 years 5 months,4.1.2
3087313,"In the media library modal, improve the labels on the media-type tabs for screen readers","In the media library modal, improve the labels on the media-type tabs for screen readers",https://www.drupal.org/project/drupal/issues/3087313,drupal,Needs work,Normal,media system,11.x-dev,6 years 2 months,4.1.2
2719453,Tableselect single radio button missing #title attribute and is not accessible,Tableselect single radio button missing #title attribute and is not accessible,https://www.drupal.org/project/drupal/issues/2719453,drupal,Needs work,Normal,forms system,11.x-dev,9 years 7 months,4.1.2
2046529,Add title attributes to buttons for Dragon users,Add title attributes to buttons for Dragon users,https://www.drupal.org/project/drupal/issues/2046529,drupal,Needs work,Normal,markup,11.x-dev,12 years 5 months,4.1.2
2084603,Addition of natural language to Article and Basic page links on Create Content page,Addition of natural language to Article and Basic page links on Create Content page,https://www.drupal.org/project/drupal/issues/2084603,drupal,Needs work,Normal,markup,11.x-dev,12 years 3 months,4.1.2
3028780,Contextual links button should use aria-expanded instead of aria-pressed,Contextual links button should use aria-expanded instead of aria-pressed,https://www.drupal.org/project/drupal/issues/3028780,drupal,Needs work,Normal,contextual.module,11.x-dev,6 years 10 months,4.1.2
3327459,Use semantic markup instead of repeated hyphens to represent hierarchical taxonomy terms,Use semantic markup instead of repeated hyphens to represent hierarchical taxonomy terms,https://www.drupal.org/project/drupal/issues/3327459,drupal,Active,Normal,taxonomy.module,11.x-dev,3 years 3 days,4.1.2
2986517,Document special 'title' key used for Tableselect checkbox labels,Document special 'title' key used for Tableselect checkbox labels,https://www.drupal.org/project/drupal/issues/2986517,drupal,Active,Normal,documentation,11.x-dev,7 years 5 months,4.1.2
2973140,Convey AJAX progress messages to assistive technology.,Convey AJAX progress messages to assistive technology.,https://www.drupal.org/project/drupal/issues/2973140,drupal,Needs work,Major,ajax system,11.x-dev,7 years 7 months,4.1.3
3360146,Updates to AJAX view filters for assistive technology,Updates to AJAX view filters for assistive technology,https://www.drupal.org/project/drupal/issues/3360146,drupal,Active,Normal,views.module,11.x-dev,2 years 7 months,4.1.3
2973116,"After enabling or disabling a view, convey changes to screen reader users.","After enabling or disabling a view, convey changes to screen reader users.",https://www.drupal.org/project/drupal/issues/2973116,drupal,Active,Normal,views_ui.module,11.x-dev,7 years 7 months,4.1.3
2893663,Dropbutton should report open/closed state to assistive technology,Dropbutton should report open/closed state to assistive technology,https://www.drupal.org/project/drupal/issues/2893663,drupal,Active,Normal,javascript,11.x-dev,8 years 5 months,4.1.3
3035435,Make the show/hide row weights button more informative for assistive tech users.,Make the show/hide row weights button more informative for assistive tech users.,https://www.drupal.org/project/drupal/issues/3035435,drupal,Needs work,Normal,other,11.x-dev,6 years 9 months,4.1.3
3159933,"Status Message in Claro on theme install should have role=""status"" or similar instead of contentinfo","Status Message in Claro on theme install should have role=""status"" or similar instead of contentinfo",https://www.drupal.org/project/drupal/issues/3159933,drupal,Needs work,Normal,markup,11.x-dev,5 years 5 months,4.1.3
